id,title,gtin,priceCents
velo-1,Stadtvelo Cruiser,7610000001001,89900
velo-2,Velohelm Pro,7610000001002,8990
velo-3,Gepäckträger Alu,7610000001003,3490
velo-4,Veloschloss Faltrad,7610000001004,5990
velo-5,Minipumpe Road,7610000001005,2490
velo-6,Rücklicht LED,7610000001006,1990
velo-7,Veloglocke Classic,7610000001007,990
velo-8,Frontkorb Weide,7610000001008,4490
velo-9,Kette 8-fach,7610000001009,2990
velo-10,Handschuhe Gel,7610000001010,3490
velo-11,Sattel Comfort,7610000001011,5990
velo-12,Seitenständer,7610000001012,1990
